timestamp,t,day,dt_h,hour_of_day,month,season,dayofyear,t_out_c,price_eur_per_kwh,solar_gen_kw_per_kwp,in_work_hours
2025-01-01 00:00:00,0,1,0.25,0.0,1,winter,1,0.46,0.089,0.0,0
2025-01-01 00:15:00,1,1,0.25,0.25,1,winter,1,-1.95,0.05,0.231,0
2025-01-01 00:30:00,2,1,0.25,0.5,1,winter,1,0.34,0.244,0.033,0
2025-01-01 00:45:00,3,1,0.25,0.75,1,winter,1,0.24,0.195,0.0,0
2025-01-01 01:00:00,4,1,0.25,1.0,1,winter,1,-4.48,0.398,0.092,0
2025-01-01 01:15:00,5,1,0.25,1.25,1,winter,1,-3.88,0.202,0.0,0
2025-01-01 01:30:00,6,1,0.25,1.5,1,winter,1,-2.1,0.199,0.0,0
2025-01-01 01:45:00,7,1,0.25,1.75,1,winter,1,-3.13,0.143,0.056,0
2025-01-01 02:00:00,8,1,0.25,2.0,1,winter,1,-3.03,0.242,0.0,0
2025-01-01 02:15:00,9,1,0.25,2.25,1,winter,1,-4.61,0.223,0.035,0
2025-01-01 02:30:00,10,1,0.25,2.5,1,winter,1,-2.33,0.286,0.191,0
2025-01-01 02:45:00,11,1,0.25,2.75,1,winter,1,-2.79,0.109,0.047,0
2025-01-01 03:00:00,12,1,0.25,3.0,1,winter,1,-4.14,0.118,0.0,0
2025-01-01 03:15:00,13,1,0.25,3.25,1,winter,1,-2.82,0.114,0.0,0
2025-01-01 03:30:00,14,1,0.25,3.5,1,winter,1,-4.06,0.243,0.0,0
2025-01-01 03:45:00,15,1,0.25,3.75,1,winter,1,-6.28,0.316,0.0,0
2025-01-01 04:00:00,16,1,0.25,4.0,1,winter,1,-4.64,0.123,0.0,0
2025-01-01 04:15:00,17,1,0.25,4.25,1,winter,1,-6.82,0.13,0.094,0
2025-01-01 04:30:00,18,1,0.25,4.5,1,winter,1,-4.23,0.21,0.0,0
2025-01-01 04:45:00,19,1,0.25,4.75,1,winter,1,-5.76,0.162,0.09,0
2025-01-01 05:00:00,20,1,0.25,5.0,1,winter,1,-6.07,0.291,0.0,0
2025-01-01 05:15:00,21,1,0.25,5.25,1,winter,1,-6.91,0.05,0.044,0
2025-01-01 05:30:00,22,1,0.25,5.5,1,winter,1,-4.11,0.139,0.0,0
2025-01-01 05:45:00,23,1,0.25,5.75,1,winter,1,-6.22,0.159,0.145,0
2025-01-01 06:00:00,24,1,0.25,6.0,1,winter,1,-6.64,0.05,0.14,0
2025-01-01 06:15:00,25,1,0.25,6.25,1,winter,1,-6.52,0.178,0.116,0
2025-01-01 06:30:00,26,1,0.25,6.5,1,winter,1,-5.15,0.203,0.0,0
2025-01-01 06:45:00,27,1,0.25,6.75,1,winter,1,-5.34,0.293,0.115,0
2025-01-01 07:00:00,28,1,0.25,7.0,1,winter,1,-5.18,0.441,0.081,0
2025-01-01 07:15:00,29,1,0.25,7.25,1,winter,1,-5.04,0.32,0.0,0
2025-01-01 07:30:00,30,1,0.25,7.5,1,winter,1,-2.33,0.252,0.058,0
2025-01-01 07:45:00,31,1,0.25,7.75,1,winter,1,-5.99,0.354,0.11,0
2025-01-01 08:00:00,32,1,0.25,8.0,1,winter,1,-5.96,0.465,0.145,0
2025-01-01 08:15:00,33,1,0.25,8.25,1,winter,1,-6.21,0.257,0.124,0
2025-01-01 08:30:00,34,1,0.25,8.5,1,winter,1,-3.84,0.252,0.154,0
2025-01-01 08:45:00,35,1,0.25,8.75,1,winter,1,-2.82,0.384,0.293,0
2025-01-01 09:00:00,36,1,0.25,9.0,1,winter,1,-4.41,0.286,0.291,1
2025-01-01 09:15:00,37,1,0.25,9.25,1,winter,1,-5.22,0.35,0.0,1
2025-01-01 09:30:00,38,1,0.25,9.5,1,winter,1,-4.89,0.26,0.187,1
2025-01-01 09:45:00,39,1,0.25,9.75,1,winter,1,-2.36,0.307,0.229,1
2025-01-01 10:00:00,40,1,0.25,10.0,1,winter,1,-1.89,0.109,0.098,1
2025-01-01 10:15:00,41,1,0.25,10.25,1,winter,1,-1.84,0.188,0.31,1
2025-01-01 10:30:00,42,1,0.25,10.5,1,winter,1,-3.29,0.148,0.452,1
2025-01-01 10:45:00,43,1,0.25,10.75,1,winter,1,-1.58,0.05,0.244,1
2025-01-01 11:00:00,44,1,0.25,11.0,1,winter,1,-1.38,0.05,0.41,1
2025-01-01 11:15:00,45,1,0.25,11.25,1,winter,1,-0.84,0.19,0.306,1
2025-01-01 11:30:00,46,1,0.25,11.5,1,winter,1,0.52,0.077,0.348,1
2025-01-01 11:45:00,47,1,0.25,11.75,1,winter,1,-0.06,0.05,0.578,1
2025-01-01 12:00:00,48,1,0.25,12.0,1,winter,1,1.02,0.089,0.387,1
2025-01-01 12:15:00,49,1,0.25,12.25,1,winter,1,0.49,0.208,0.494,1
2025-01-01 12:30:00,50,1,0.25,12.5,1,winter,1,1.22,0.05,0.263,1
2025-01-01 12:45:00,51,1,0.25,12.75,1,winter,1,2.12,0.05,0.634,1
2025-01-01 13:00:00,52,1,0.25,13.0,1,winter,1,-0.63,0.05,0.501,1
2025-01-01 13:15:00,53,1,0.25,13.25,1,winter,1,1.45,0.247,0.412,1
2025-01-01 13:30:00,54,1,0.25,13.5,1,winter,1,1.59,0.135,0.473,1
2025-01-01 13:45:00,55,1,0.25,13.75,1,winter,1,1.7,0.192,0.256,1
2025-01-01 14:00:00,56,1,0.25,14.0,1,winter,1,2.59,0.05,0.494,1
2025-01-01 14:15:00,57,1,0.25,14.25,1,winter,1,5.58,0.05,0.32,1
2025-01-01 14:30:00,58,1,0.25,14.5,1,winter,1,2.35,0.197,0.306,1
2025-01-01 14:45:00,59,1,0.25,14.75,1,winter,1,5.41,0.176,0.251,1
2025-01-01 15:00:00,60,1,0.25,15.0,1,winter,1,1.72,0.244,0.215,1
2025-01-01 15:15:00,61,1,0.25,15.25,1,winter,1,4.01,0.192,0.315,1
2025-01-01 15:30:00,62,1,0.25,15.5,1,winter,1,5.0,0.262,0.245,1
2025-01-01 15:45:00,63,1,0.25,15.75,1,winter,1,5.87,0.274,0.258,1
2025-01-01 16:00:00,64,1,0.25,16.0,1,winter,1,6.26,0.362,0.168,1
2025-01-01 16:15:00,65,1,0.25,16.25,1,winter,1,6.57,0.392,0.197,1
2025-01-01 16:30:00,66,1,0.25,16.5,1,winter,1,5.02,0.176,0.083,1
2025-01-01 16:45:00,67,1,0.25,16.75,1,winter,1,4.99,0.139,0.329,1
2025-01-01 17:00:00,68,1,0.25,17.0,1,winter,1,7.08,0.489,0.0,1
2025-01-01 17:15:00,69,1,0.25,17.25,1,winter,1,5.6,0.53,0.2,0
2025-01-01 17:30:00,70,1,0.25,17.5,1,winter,1,4.04,0.33,0.198,0
2025-01-01 17:45:00,71,1,0.25,17.75,1,winter,1,4.29,0.263,0.0,0
2025-01-01 18:00:00,72,1,0.25,18.0,1,winter,1,4.62,0.472,0.263,0
2025-01-01 18:15:00,73,1,0.25,18.25,1,winter,1,6.73,0.564,0.132,0
2025-01-01 18:30:00,74,1,0.25,18.5,1,winter,1,6.16,0.655,0.122,0
2025-01-01 18:45:00,75,1,0.25,18.75,1,winter,1,6.92,0.527,0.023,0
2025-01-01 19:00:00,76,1,0.25,19.0,1,winter,1,5.15,0.434,0.0,0
2025-01-01 19:15:00,77,1,0.25,19.25,1,winter,1,5.92,0.373,0.0,0
2025-01-01 19:30:00,78,1,0.25,19.5,1,winter,1,6.48,0.451,0.048,0
2025-01-01 19:45:00,79,1,0.25,19.75,1,winter,1,4.92,0.405,0.147,0
2025-01-01 20:00:00,80,1,0.25,20.0,1,winter,1,5.88,0.315,0.023,0
2025-01-01 20:15:00,81,1,0.25,20.25,1,winter,1,4.0,0.601,0.0,0
2025-01-01 20:30:00,82,1,0.25,20.5,1,winter,1,4.22,0.553,0.085,0
2025-01-01 20:45:00,83,1,0.25,20.75,1,winter,1,3.94,0.466,0.094,0
2025-01-01 21:00:00,84,1,0.25,21.0,1,winter,1,2.45,0.239,0.067,0
2025-01-01 21:15:00,85,1,0.25,21.25,1,winter,1,4.69,0.395,0.076,0
2025-01-01 21:30:00,86,1,0.25,21.5,1,winter,1,2.95,0.353,0.0,0
2025-01-01 21:45:00,87,1,0.25,21.75,1,winter,1,3.35,0.314,0.0,0
2025-01-01 22:00:00,88,1,0.25,22.0,1,winter,1,3.72,0.377,0.0,0
2025-01-01 22:15:00,89,1,0.25,22.25,1,winter,1,3.32,0.3,0.0,0
2025-01-01 22:30:00,90,1,0.25,22.5,1,winter,1,3.29,0.297,0.024,0
2025-01-01 22:45:00,91,1,0.25,22.75,1,winter,1,1.78,0.274,0.0,0
2025-01-01 23:00:00,92,1,0.25,23.0,1,winter,1,0.92,0.235,0.0,0
2025-01-01 23:15:00,93,1,0.25,23.25,1,winter,1,1.05,0.05,0.0,0
2025-01-01 23:30:00,94,1,0.25,23.5,1,winter,1,-1.75,0.193,0.0,0
2025-01-01 23:45:00,95,1,0.25,23.75,1,winter,1,-1.78,0.123,0.112,0
2025-01-02 00:00:00,96,2,0.25,0.0,1,winter,2,-1.98,0.05,0.0,0
2025-01-02 00:15:00,97,2,0.25,0.25,1,winter,2,-1.89,0.328,0.036,0
2025-01-02 00:30:00,98,2,0.25,0.5,1,winter,2,-0.18,0.333,0.0,0
2025-01-02 00:45:00,99,2,0.25,0.75,1,winter,2,-2.53,0.296,0.144,0
2025-01-02 01:00:00,100,2,0.25,1.0,1,winter,2,-2.12,0.186,0.0,0
2025-01-02 01:15:00,101,2,0.25,1.25,1,winter,2,0.02,0.295,0.029,0
2025-01-02 01:30:00,102,2,0.25,1.5,1,winter,2,-2.83,0.161,0.233,0
2025-01-02 01:45:00,103,2,0.25,1.75,1,winter,2,-1.55,0.18,0.152,0
2025-01-02 02:00:00,104,2,0.25,2.0,1,winter,2,-4.4,0.051,0.0,0
2025-01-02 02:15:00,105,2,0.25,2.25,1,winter,2,-3.64,0.2,0.0,0
2025-01-02 02:30:00,106,2,0.25,2.5,1,winter,2,-5.08,0.166,0.0,0
2025-01-02 02:45:00,107,2,0.25,2.75,1,winter,2,-4.46,0.05,0.051,0
2025-01-02 03:00:00,108,2,0.25,3.0,1,winter,2,-2.98,0.156,0.0,0
2025-01-02 03:15:00,109,2,0.25,3.25,1,winter,2,-7.1,0.154,0.0,0
2025-01-02 03:30:00,110,2,0.25,3.5,1,winter,2,-4.11,0.343,0.147,0
2025-01-02 03:45:00,111,2,0.25,3.75,1,winter,2,-4.63,0.255,0.0,0
2025-01-02 04:00:00,112,2,0.25,4.0,1,winter,2,-6.09,0.17,0.231,0
2025-01-02 04:15:00,113,2,0.25,4.25,1,winter,2,-7.55,0.198,0.011,0
2025-01-02 04:30:00,114,2,0.25,4.5,1,winter,2,-5.44,0.183,0.181,0
2025-01-02 04:45:00,115,2,0.25,4.75,1,winter,2,-6.48,0.166,0.039,0
2025-01-02 05:00:00,116,2,0.25,5.0,1,winter,2,-5.45,0.087,0.101,0
2025-01-02 05:15:00,117,2,0.25,5.25,1,winter,2,-5.85,0.192,0.0,0
2025-01-02 05:30:00,118,2,0.25,5.5,1,winter,2,-3.55,0.147,0.0,0
2025-01-02 05:45:00,119,2,0.25,5.75,1,winter,2,-6.35,0.113,0.058,0
2025-01-02 06:00:00,120,2,0.25,6.0,1,winter,2,-7.54,0.307,0.114,0
2025-01-02 06:15:00,121,2,0.25,6.25,1,winter,2,-5.72,0.314,0.024,0
2025-01-02 06:30:00,122,2,0.25,6.5,1,winter,2,-5.62,0.115,0.0,0
2025-01-02 06:45:00,123,2,0.25,6.75,1,winter,2,-3.85,0.301,0.0,0
2025-01-02 07:00:00,124,2,0.25,7.0,1,winter,2,-4.54,0.43,0.0,0
2025-01-02 07:15:00,125,2,0.25,7.25,1,winter,2,-5.15,0.45,0.0,0
2025-01-02 07:30:00,126,2,0.25,7.5,1,winter,2,-3.35,0.457,0.072,0
2025-01-02 07:45:00,127,2,0.25,7.75,1,winter,2,-7.16,0.364,0.187,0
2025-01-02 08:00:00,128,2,0.25,8.0,1,winter,2,-6.16,0.276,0.088,0
2025-01-02 08:15:00,129,2,0.25,8.25,1,winter,2,-6.38,0.246,0.0,0
2025-01-02 08:30:00,130,2,0.25,8.5,1,winter,2,-5.34,0.378,0.106,0
2025-01-02 08:45:00,131,2,0.25,8.75,1,winter,2,-6.58,0.366,0.13,0
2025-01-02 09:00:00,132,2,0.25,9.0,1,winter,2,-3.29,0.437,0.378,1
2025-01-02 09:15:00,133,2,0.25,9.25,1,winter,2,-4.29,0.396,0.048,1
2025-01-02 09:30:00,134,2,0.25,9.5,1,winter,2,-5.86,0.248,0.18,1
2025-01-02 09:45:00,135,2,0.25,9.75,1,winter,2,-4.86,0.112,0.416,1
2025-01-02 10:00:00,136,2,0.25,10.0,1,winter,2,-2.53,0.18,0.318,1
2025-01-02 10:15:00,137,2,0.25,10.25,1,winter,2,-1.4,0.211,0.356,1
2025-01-02 10:30:00,138,2,0.25,10.5,1,winter,2,0.7,0.149,0.338,1
2025-01-02 10:45:00,139,2,0.25,10.75,1,winter,2,2.44,0.093,0.385,1
2025-01-02 11:00:00,140,2,0.25,11.0,1,winter,2,-0.93,0.16,0.454,1
2025-01-02 11:15:00,141,2,0.25,11.25,1,winter,2,-2.65,0.072,0.316,1
2025-01-02 11:30:00,142,2,0.25,11.5,1,winter,2,-3.98,0.05,0.503,1
2025-01-02 11:45:00,143,2,0.25,11.75,1,winter,2,0.01,0.135,0.293,1
2025-01-02 12:00:00,144,2,0.25,12.0,1,winter,2,-1.22,0.058,0.474,1
2025-01-02 12:15:00,145,2,0.25,12.25,1,winter,2,-0.23,0.119,0.466,1
2025-01-02 12:30:00,146,2,0.25,12.5,1,winter,2,-0.13,0.121,0.388,1
2025-01-02 12:45:00,147,2,0.25,12.75,1,winter,2,0.96,0.05,0.445,1
2025-01-02 13:00:00,148,2,0.25,13.0,1,winter,2,3.15,0.05,0.379,1
2025-01-02 13:15:00,149,2,0.25,13.25,1,winter,2,2.16,0.244,0.323,1
2025-01-02 13:30:00,150,2,0.25,13.5,1,winter,2,2.06,0.05,0.38,1
2025-01-02 13:45:00,151,2,0.25,13.75,1,winter,2,1.1,0.05,0.287,1
2025-01-02 14:00:00,152,2,0.25,14.0,1,winter,2,0.49,0.05,0.408,1
2025-01-02 14:15:00,153,2,0.25,14.25,1,winter,2,2.6,0.141,0.237,1
2025-01-02 14:30:00,154,2,0.25,14.5,1,winter,2,3.57,0.156,0.398,1
2025-01-02 14:45:00,155,2,0.25,14.75,1,winter,2,6.61,0.158,0.182,1
2025-01-02 15:00:00,156,2,0.25,15.0,1,winter,2,4.44,0.31,0.216,1
2025-01-02 15:15:00,157,2,0.25,15.25,1,winter,2,5.99,0.05,0.183,1
2025-01-02 15:30:00,158,2,0.25,15.5,1,winter,2,4.01,0.273,0.352,1
2025-01-02 15:45:00,159,2,0.25,15.75,1,winter,2,3.21,0.415,0.226,1
2025-01-02 16:00:00,160,2,0.25,16.0,1,winter,2,3.75,0.172,0.148,1
2025-01-02 16:15:00,161,2,0.25,16.25,1,winter,2,4.29,0.273,0.196,1
2025-01-02 16:30:00,162,2,0.25,16.5,1,winter,2,8.74,0.263,0.0,1
2025-01-02 16:45:00,163,2,0.25,16.75,1,winter,2,4.45,0.274,0.102,1
2025-01-02 17:00:00,164,2,0.25,17.0,1,winter,2,7.05,0.356,0.289,1
2025-01-02 17:15:00,165,2,0.25,17.25,1,winter,2,4.53,0.554,0.087,0
2025-01-02 17:30:00,166,2,0.25,17.5,1,winter,2,7.35,0.615,0.068,0
2025-01-02 17:45:00,167,2,0.25,17.75,1,winter,2,6.56,0.415,0.104,0
2025-01-02 18:00:00,168,2,0.25,18.0,1,winter,2,5.77,0.652,0.13,0
2025-01-02 18:15:00,169,2,0.25,18.25,1,winter,2,5.93,0.474,0.0,0
2025-01-02 18:30:00,170,2,0.25,18.5,1,winter,2,4.97,0.65,0.0,0
2025-01-02 18:45:00,171,2,0.25,18.75,1,winter,2,6.55,0.466,0.041,0
2025-01-02 19:00:00,172,2,0.25,19.0,1,winter,2,5.11,0.484,0.0,0
2025-01-02 19:15:00,173,2,0.25,19.25,1,winter,2,3.84,0.499,0.143,0
2025-01-02 19:30:00,174,2,0.25,19.5,1,winter,2,3.63,0.768,0.0,0
2025-01-02 19:45:00,175,2,0.25,19.75,1,winter,2,5.64,0.52,0.0,0
2025-01-02 20:00:00,176,2,0.25,20.0,1,winter,2,7.56,0.346,0.0,0
2025-01-02 20:15:00,177,2,0.25,20.25,1,winter,2,5.23,0.493,0.0,0
2025-01-02 20:30:00,178,2,0.25,20.5,1,winter,2,4.58,0.339,0.0,0
2025-01-02 20:45:00,179,2,0.25,20.75,1,winter,2,4.94,0.304,0.0,0
2025-01-02 21:00:00,180,2,0.25,21.0,1,winter,2,6.2,0.422,0.0,0
2025-01-02 21:15:00,181,2,0.25,21.25,1,winter,2,4.29,0.312,0.109,0
2025-01-02 21:30:00,182,2,0.25,21.5,1,winter,2,3.04,0.317,0.121,0
2025-01-02 21:45:00,183,2,0.25,21.75,1,winter,2,4.99,0.271,0.0,0
2025-01-02 22:00:00,184,2,0.25,22.0,1,winter,2,3.64,0.286,0.0,0
2025-01-02 22:15:00,185,2,0.25,22.25,1,winter,2,4.96,0.279,0.062,0
2025-01-02 22:30:00,186,2,0.25,22.5,1,winter,2,2.57,0.05,0.056,0
2025-01-02 22:45:00,187,2,0.25,22.75,1,winter,2,0.09,0.277,0.031,0
2025-01-02 23:00:00,188,2,0.25,23.0,1,winter,2,-0.5,0.102,0.098,0
2025-01-02 23:15:00,189,2,0.25,23.25,1,winter,2,3.65,0.05,0.0,0
2025-01-02 23:30:00,190,2,0.25,23.5,1,winter,2,3.37,0.179,0.201,0
2025-01-02 23:45:00,191,2,0.25,23.75,1,winter,2,0.12,0.187,0.0,0
2025-01-03 00:00:00,192,3,0.25,0.0,1,winter,3,-0.57,0.091,0.075,0
2025-01-03 00:15:00,193,3,0.25,0.25,1,winter,3,1.8,0.243,0.0,0
2025-01-03 00:30:00,194,3,0.25,0.5,1,winter,3,-2.44,0.05,0.0,0
2025-01-03 00:45:00,195,3,0.25,0.75,1,winter,3,-2.51,0.119,0.152,0
2025-01-03 01:00:00,196,3,0.25,1.0,1,winter,3,-0.59,0.102,0.0,0
2025-01-03 01:15:00,197,3,0.25,1.25,1,winter,3,-2.52,0.155,0.084,0
2025-01-03 01:30:00,198,3,0.25,1.5,1,winter,3,-2.3,0.188,0.024,0
2025-01-03 01:45:00,199,3,0.25,1.75,1,winter,3,-2.9,0.059,0.0,0
2025-01-03 02:00:00,200,3,0.25,2.0,1,winter,3,-2.49,0.233,0.136,0
2025-01-03 02:15:00,201,3,0.25,2.25,1,winter,3,-1.22,0.167,0.0,0
2025-01-03 02:30:00,202,3,0.25,2.5,1,winter,3,-3.52,0.05,0.0,0
2025-01-03 02:45:00,203,3,0.25,2.75,1,winter,3,-2.99,0.05,0.0,0
2025-01-03 03:00:00,204,3,0.25,3.0,1,winter,3,-7.32,0.16,0.055,0
2025-01-03 03:15:00,205,3,0.25,3.25,1,winter,3,-4.58,0.14,0.04,0
2025-01-03 03:30:00,206,3,0.25,3.5,1,winter,3,-6.02,0.153,0.0,0
2025-01-03 03:45:00,207,3,0.25,3.75,1,winter,3,-6.82,0.163,0.0,0
2025-01-03 04:00:00,208,3,0.25,4.0,1,winter,3,-6.51,0.191,0.0,0
2025-01-03 04:15:00,209,3,0.25,4.25,1,winter,3,-5.88,0.268,0.0,0
2025-01-03 04:30:00,210,3,0.25,4.5,1,winter,3,-4.17,0.068,0.0,0
2025-01-03 04:45:00,211,3,0.25,4.75,1,winter,3,-7.67,0.069,0.0,0
2025-01-03 05:00:00,212,3,0.25,5.0,1,winter,3,-5.75,0.086,0.0,0
2025-01-03 05:15:00,213,3,0.25,5.25,1,winter,3,-6.61,0.236,0.084,0
2025-01-03 05:30:00,214,3,0.25,5.5,1,winter,3,-6.44,0.346,0.09,0
2025-01-03 05:45:00,215,3,0.25,5.75,1,winter,3,-4.48,0.194,0.0,0
2025-01-03 06:00:00,216,3,0.25,6.0,1,winter,3,-5.19,0.05,0.0,0
2025-01-03 06:15:00,217,3,0.25,6.25,1,winter,3,-3.98,0.104,0.034,0
2025-01-03 06:30:00,218,3,0.25,6.5,1,winter,3,-6.18,0.211,0.0,0
2025-01-03 06:45:00,219,3,0.25,6.75,1,winter,3,-6.93,0.257,0.0,0
2025-01-03 07:00:00,220,3,0.25,7.0,1,winter,3,-6.13,0.289,0.0,0
2025-01-03 07:15:00,221,3,0.25,7.25,1,winter,3,-5.32,0.348,0.0,0
2025-01-03 07:30:00,222,3,0.25,7.5,1,winter,3,-5.28,0.323,0.0,0
2025-01-03 07:45:00,223,3,0.25,7.75,1,winter,3,-7.01,0.465,0.09,0
2025-01-03 08:00:00,224,3,0.25,8.0,1,winter,3,-5.06,0.292,0.162,0
2025-01-03 08:15:00,225,3,0.25,8.25,1,winter,3,-4.65,0.268,0.0,0
2025-01-03 08:30:00,226,3,0.25,8.5,1,winter,3,-0.98,0.391,0.128,0
2025-01-03 08:45:00,227,3,0.25,8.75,1,winter,3,-1.7,0.174,0.124,0
2025-01-03 09:00:00,228,3,0.25,9.0,1,winter,3,-5.52,0.347,0.203,1
2025-01-03 09:15:00,229,3,0.25,9.25,1,winter,3,-4.39,0.296,0.192,1
2025-01-03 09:30:00,230,3,0.25,9.5,1,winter,3,-5.85,0.247,0.074,1
2025-01-03 09:45:00,231,3,0.25,9.75,1,winter,3,-4.22,0.395,0.119,1
2025-01-03 10:00:00,232,3,0.25,10.0,1,winter,3,-2.53,0.15,0.276,1
2025-01-03 10:15:00,233,3,0.25,10.25,1,winter,3,-0.84,0.396,0.403,1
2025-01-03 10:30:00,234,3,0.25,10.5,1,winter,3,-3.39,0.146,0.105,1
2025-01-03 10:45:00,235,3,0.25,10.75,1,winter,3,-2.91,0.05,0.387,1
2025-01-03 11:00:00,236,3,0.25,11.0,1,winter,3,-4.77,0.142,0.495,1
2025-01-03 11:15:00,237,3,0.25,11.25,1,winter,3,-1.41,0.05,0.382,1
2025-01-03 11:30:00,238,3,0.25,11.5,1,winter,3,-2.38,0.05,0.47,1
2025-01-03 11:45:00,239,3,0.25,11.75,1,winter,3,-1.19,0.143,0.36,1
2025-01-03 12:00:00,240,3,0.25,12.0,1,winter,3,-1.32,0.154,0.429,1
2025-01-03 12:15:00,241,3,0.25,12.25,1,winter,3,0.25,0.05,0.286,1
2025-01-03 12:30:00,242,3,0.25,12.5,1,winter,3,-1.85,0.192,0.216,1
2025-01-03 12:45:00,243,3,0.25,12.75,1,winter,3,-1.03,0.21,0.542,1
2025-01-03 13:00:00,244,3,0.25,13.0,1,winter,3,4.75,0.24,0.343,1
2025-01-03 13:15:00,245,3,0.25,13.25,1,winter,3,-0.0,0.153,0.385,1
2025-01-03 13:30:00,246,3,0.25,13.5,1,winter,3,0.65,0.243,0.277,1
2025-01-03 13:45:00,247,3,0.25,13.75,1,winter,3,5.41,0.05,0.256,1
2025-01-03 14:00:00,248,3,0.25,14.0,1,winter,3,7.36,0.093,0.358,1
2025-01-03 14:15:00,249,3,0.25,14.25,1,winter,3,1.58,0.051,0.279,1
2025-01-03 14:30:00,250,3,0.25,14.5,1,winter,3,3.1,0.165,0.365,1
2025-01-03 14:45:00,251,3,0.25,14.75,1,winter,3,4.47,0.113,0.345,1
2025-01-03 15:00:00,252,3,0.25,15.0,1,winter,3,6.84,0.172,0.305,1
2025-01-03 15:15:00,253,3,0.25,15.25,1,winter,3,3.03,0.399,0.27,1
2025-01-03 15:30:00,254,3,0.25,15.5,1,winter,3,4.39,0.217,0.377,1
2025-01-03 15:45:00,255,3,0.25,15.75,1,winter,3,6.15,0.3,0.087,1
2025-01-03 16:00:00,256,3,0.25,16.0,1,winter,3,5.85,0.261,0.163,1
2025-01-03 16:15:00,257,3,0.25,16.25,1,winter,3,4.82,0.319,0.259,1
2025-01-03 16:30:00,258,3,0.25,16.5,1,winter,3,5.34,0.338,0.252,1
2025-01-03 16:45:00,259,3,0.25,16.75,1,winter,3,3.62,0.409,0.0,1
2025-01-03 17:00:00,260,3,0.25,17.0,1,winter,3,5.44,0.505,0.058,1
2025-01-03 17:15:00,261,3,0.25,17.25,1,winter,3,5.49,0.576,0.21,0
2025-01-03 17:30:00,262,3,0.25,17.5,1,winter,3,6.3,0.463,0.112,0
2025-01-03 17:45:00,263,3,0.25,17.75,1,winter,3,5.15,0.507,0.069,0
2025-01-03 18:00:00,264,3,0.25,18.0,1,winter,3,6.71,0.347,0.018,0
2025-01-03 18:15:00,265,3,0.25,18.25,1,winter,3,7.51,0.462,0.0,0
2025-01-03 18:30:00,266,3,0.25,18.5,1,winter,3,6.18,0.569,0.054,0
2025-01-03 18:45:00,267,3,0.25,18.75,1,winter,3,6.41,0.562,0.0,0
2025-01-03 19:00:00,268,3,0.25,19.0,1,winter,3,5.88,0.492,0.011,0
2025-01-03 19:15:00,269,3,0.25,19.25,1,winter,3,5.68,0.551,0.02,0
2025-01-03 19:30:00,270,3,0.25,19.5,1,winter,3,4.46,0.499,0.0,0
2025-01-03 19:45:00,271,3,0.25,19.75,1,winter,3,5.86,0.554,0.06,0
2025-01-03 20:00:00,272,3,0.25,20.0,1,winter,3,5.05,0.445,0.296,0
2025-01-03 20:15:00,273,3,0.25,20.25,1,winter,3,8.13,0.361,0.0,0
2025-01-03 20:30:00,274,3,0.25,20.5,1,winter,3,7.12,0.408,0.035,0
2025-01-03 20:45:00,275,3,0.25,20.75,1,winter,3,5.09,0.06,0.0,0
2025-01-03 21:00:00,276,3,0.25,21.0,1,winter,3,3.1,0.369,0.059,0
2025-01-03 21:15:00,277,3,0.25,21.25,1,winter,3,2.29,0.05,0.006,0
2025-01-03 21:30:00,278,3,0.25,21.5,1,winter,3,5.44,0.116,0.077,0
2025-01-03 21:45:00,279,3,0.25,21.75,1,winter,3,3.73,0.315,0.118,0
2025-01-03 22:00:00,280,3,0.25,22.0,1,winter,3,3.72,0.3,0.02,0
2025-01-03 22:15:00,281,3,0.25,22.25,1,winter,3,0.04,0.12,0.113,0
2025-01-03 22:30:00,282,3,0.25,22.5,1,winter,3,3.69,0.151,0.0,0
2025-01-03 22:45:00,283,3,0.25,22.75,1,winter,3,2.61,0.348,0.159,0
2025-01-03 23:00:00,284,3,0.25,23.0,1,winter,3,-0.11,0.152,0.038,0
2025-01-03 23:15:00,285,3,0.25,23.25,1,winter,3,0.46,0.416,0.108,0
2025-01-03 23:30:00,286,3,0.25,23.5,1,winter,3,1.18,0.185,0.0,0
2025-01-03 23:45:00,287,3,0.25,23.75,1,winter,3,0.47,0.22,0.0,0
2025-01-04 00:00:00,288,4,0.25,0.0,1,winter,4,-0.44,0.322,0.015,0
2025-01-04 00:15:00,289,4,0.25,0.25,1,winter,4,-0.55,0.173,0.0,0
2025-01-04 00:30:00,290,4,0.25,0.5,1,winter,4,-1.16,0.06,0.028,0
2025-01-04 00:45:00,291,4,0.25,0.75,1,winter,4,-0.94,0.149,0.108,0
2025-01-04 01:00:00,292,4,0.25,1.0,1,winter,4,0.65,0.156,0.0,0
2025-01-04 01:15:00,293,4,0.25,1.25,1,winter,4,-5.78,0.05,0.097,0
2025-01-04 01:30:00,294,4,0.25,1.5,1,winter,4,-2.65,0.134,0.001,0
2025-01-04 01:45:00,295,4,0.25,1.75,1,winter,4,-2.39,0.086,0.0,0
2025-01-04 02:00:00,296,4,0.25,2.0,1,winter,4,-2.56,0.253,0.0,0
2025-01-04 02:15:00,297,4,0.25,2.25,1,winter,4,-3.89,0.164,0.05,0
2025-01-04 02:30:00,298,4,0.25,2.5,1,winter,4,-6.29,0.132,0.0,0
2025-01-04 02:45:00,299,4,0.25,2.75,1,winter,4,-3.46,0.15,0.065,0
2025-01-04 03:00:00,300,4,0.25,3.0,1,winter,4,-1.65,0.184,0.0,0
2025-01-04 03:15:00,301,4,0.25,3.25,1,winter,4,-6.81,0.224,0.006,0
2025-01-04 03:30:00,302,4,0.25,3.5,1,winter,4,-3.46,0.064,0.0,0
2025-01-04 03:45:00,303,4,0.25,3.75,1,winter,4,-5.48,0.062,0.118,0
2025-01-04 04:00:00,304,4,0.25,4.0,1,winter,4,-5.29,0.279,0.0,0
2025-01-04 04:15:00,305,4,0.25,4.25,1,winter,4,-6.96,0.132,0.0,0
2025-01-04 04:30:00,306,4,0.25,4.5,1,winter,4,-6.04,0.05,0.0,0
2025-01-04 04:45:00,307,4,0.25,4.75,1,winter,4,-3.73,0.231,0.131,0
2025-01-04 05:00:00,308,4,0.25,5.0,1,winter,4,-4.92,0.242,0.059,0
2025-01-04 05:15:00,309,4,0.25,5.25,1,winter,4,-3.29,0.054,0.0,0
2025-01-04 05:30:00,310,4,0.25,5.5,1,winter,4,-4.18,0.244,0.0,0
2025-01-04 05:45:00,311,4,0.25,5.75,1,winter,4,-5.33,0.311,0.0,0
2025-01-04 06:00:00,312,4,0.25,6.0,1,winter,4,-3.38,0.293,0.054,0
2025-01-04 06:15:00,313,4,0.25,6.25,1,winter,4,-5.33,0.338,0.0,0
2025-01-04 06:30:00,314,4,0.25,6.5,1,winter,4,-4.71,0.154,0.1,0
2025-01-04 06:45:00,315,4,0.25,6.75,1,winter,4,-6.33,0.346,0.045,0
2025-01-04 07:00:00,316,4,0.25,7.0,1,winter,4,-5.7,0.3,0.279,0
2025-01-04 07:15:00,317,4,0.25,7.25,1,winter,4,-6.73,0.296,0.0,0
2025-01-04 07:30:00,318,4,0.25,7.5,1,winter,4,-4.06,0.442,0.051,0
2025-01-04 07:45:00,319,4,0.25,7.75,1,winter,4,-7.15,0.508,0.254,0
2025-01-04 08:00:00,320,4,0.25,8.0,1,winter,4,-4.02,0.539,0.208,0
2025-01-04 08:15:00,321,4,0.25,8.25,1,winter,4,-5.27,0.486,0.036,0
2025-01-04 08:30:00,322,4,0.25,8.5,1,winter,4,-3.0,0.333,0.148,0
2025-01-04 08:45:00,323,4,0.25,8.75,1,winter,4,-3.38,0.363,0.146,0
2025-01-04 09:00:00,324,4,0.25,9.0,1,winter,4,-1.51,0.385,0.197,1
2025-01-04 09:15:00,325,4,0.25,9.25,1,winter,4,-2.86,0.298,0.123,1
2025-01-04 09:30:00,326,4,0.25,9.5,1,winter,4,-6.01,0.274,0.21,1
2025-01-04 09:45:00,327,4,0.25,9.75,1,winter,4,-3.43,0.319,0.086,1
2025-01-04 10:00:00,328,4,0.25,10.0,1,winter,4,-4.76,0.206,0.286,1
2025-01-04 10:15:00,329,4,0.25,10.25,1,winter,4,-3.43,0.117,0.345,1
2025-01-04 10:30:00,330,4,0.25,10.5,1,winter,4,-0.03,0.127,0.304,1
2025-01-04 10:45:00,331,4,0.25,10.75,1,winter,4,-0.97,0.214,0.191,1
2025-01-04 11:00:00,332,4,0.25,11.0,1,winter,4,-2.6,0.135,0.475,1
2025-01-04 11:15:00,333,4,0.25,11.25,1,winter,4,-2.69,0.156,0.434,1
2025-01-04 11:30:00,334,4,0.25,11.5,1,winter,4,-0.73,0.179,0.343,1
2025-01-04 11:45:00,335,4,0.25,11.75,1,winter,4,-2.22,0.066,0.402,1
2025-01-04 12:00:00,336,4,0.25,12.0,1,winter,4,-1.01,0.174,0.291,1
2025-01-04 12:15:00,337,4,0.25,12.25,1,winter,4,0.86,0.133,0.345,1
2025-01-04 12:30:00,338,4,0.25,12.5,1,winter,4,2.52,0.05,0.396,1
2025-01-04 12:45:00,339,4,0.25,12.75,1,winter,4,2.08,0.238,0.571,1
2025-01-04 13:00:00,340,4,0.25,13.0,1,winter,4,-1.88,0.05,0.377,1
2025-01-04 13:15:00,341,4,0.25,13.25,1,winter,4,2.39,0.05,0.494,1
2025-01-04 13:30:00,342,4,0.25,13.5,1,winter,4,2.4,0.05,0.362,1
2025-01-04 13:45:00,343,4,0.25,13.75,1,winter,4,3.27,0.05,0.422,1
2025-01-04 14:00:00,344,4,0.25,14.0,1,winter,4,5.42,0.13,0.362,1
2025-01-04 14:15:00,345,4,0.25,14.25,1,winter,4,0.24,0.11,0.44,1
2025-01-04 14:30:00,346,4,0.25,14.5,1,winter,4,2.77,0.119,0.273,1
2025-01-04 14:45:00,347,4,0.25,14.75,1,winter,4,4.84,0.232,0.143,1
2025-01-04 15:00:00,348,4,0.25,15.0,1,winter,4,1.87,0.223,0.135,1
2025-01-04 15:15:00,349,4,0.25,15.25,1,winter,4,6.72,0.242,0.193,1
2025-01-04 15:30:00,350,4,0.25,15.5,1,winter,4,5.31,0.275,0.094,1
2025-01-04 15:45:00,351,4,0.25,15.75,1,winter,4,6.26,0.32,0.234,1
2025-01-04 16:00:00,352,4,0.25,16.0,1,winter,4,4.34,0.074,0.122,1
2025-01-04 16:15:00,353,4,0.25,16.25,1,winter,4,6.6,0.275,0.384,1
2025-01-04 16:30:00,354,4,0.25,16.5,1,winter,4,7.15,0.12,0.0,1
2025-01-04 16:45:00,355,4,0.25,16.75,1,winter,4,6.03,0.367,0.126,1
2025-01-04 17:00:00,356,4,0.25,17.0,1,winter,4,6.15,0.388,0.0,1
2025-01-04 17:15:00,357,4,0.25,17.25,1,winter,4,6.29,0.516,0.025,0
2025-01-04 17:30:00,358,4,0.25,17.5,1,winter,4,4.65,0.55,0.075,0
2025-01-04 17:45:00,359,4,0.25,17.75,1,winter,4,5.77,0.469,0.0,0
2025-01-04 18:00:00,360,4,0.25,18.0,1,winter,4,5.77,0.412,0.064,0
2025-01-04 18:15:00,361,4,0.25,18.25,1,winter,4,6.56,0.519,0.222,0
2025-01-04 18:30:00,362,4,0.25,18.5,1,winter,4,7.45,0.422,0.0,0
2025-01-04 18:45:00,363,4,0.25,18.75,1,winter,4,4.3,0.475,0.046,0
2025-01-04 19:00:00,364,4,0.25,19.0,1,winter,4,5.61,0.569,0.118,0
2025-01-04 19:15:00,365,4,0.25,19.25,1,winter,4,7.9,0.406,0.0,0
2025-01-04 19:30:00,366,4,0.25,19.5,1,winter,4,4.43,0.531,0.0,0
2025-01-04 19:45:00,367,4,0.25,19.75,1,winter,4,4.15,0.502,0.0,0
2025-01-04 20:00:00,368,4,0.25,20.0,1,winter,4,5.5,0.321,0.069,0
2025-01-04 20:15:00,369,4,0.25,20.25,1,winter,4,6.26,0.494,0.0,0
2025-01-04 20:30:00,370,4,0.25,20.5,1,winter,4,4.78,0.445,0.0,0
2025-01-04 20:45:00,371,4,0.25,20.75,1,winter,4,6.5,0.363,0.015,0
2025-01-04 21:00:00,372,4,0.25,21.0,1,winter,4,5.53,0.255,0.0,0
2025-01-04 21:15:00,373,4,0.25,21.25,1,winter,4,5.22,0.223,0.0,0
2025-01-04 21:30:00,374,4,0.25,21.5,1,winter,4,4.48,0.235,0.061,0
2025-01-04 21:45:00,375,4,0.25,21.75,1,winter,4,6.82,0.324,0.0,0
2025-01-04 22:00:00,376,4,0.25,22.0,1,winter,4,2.69,0.157,0.105,0
2025-01-04 22:15:00,377,4,0.25,22.25,1,winter,4,-0.35,0.28,0.0,0
2025-01-04 22:30:00,378,4,0.25,22.5,1,winter,4,4.7,0.098,0.0,0
2025-01-04 22:45:00,379,4,0.25,22.75,1,winter,4,1.24,0.19,0.192,0
2025-01-04 23:00:00,380,4,0.25,23.0,1,winter,4,1.71,0.211,0.113,0
2025-01-04 23:15:00,381,4,0.25,23.25,1,winter,4,3.13,0.436,0.01,0
2025-01-04 23:30:00,382,4,0.25,23.5,1,winter,4,-1.62,0.05,0.0,0
2025-01-04 23:45:00,383,4,0.25,23.75,1,winter,4,-1.49,0.326,0.0,0
2025-01-05 00:00:00,384,5,0.25,0.0,1,winter,5,-2.4,0.175,0.007,0
2025-01-05 00:15:00,385,5,0.25,0.25,1,winter,5,-1.58,0.201,0.004,0
2025-01-05 00:30:00,386,5,0.25,0.5,1,winter,5,-0.12,0.172,0.0,0
2025-01-05 00:45:00,387,5,0.25,0.75,1,winter,5,-0.38,0.204,0.0,0
2025-01-05 01:00:00,388,5,0.25,1.0,1,winter,5,-1.14,0.145,0.0,0
2025-01-05 01:15:00,389,5,0.25,1.25,1,winter,5,-4.05,0.305,0.0,0
2025-01-05 01:30:00,390,5,0.25,1.5,1,winter,5,-5.76,0.114,0.0,0
2025-01-05 01:45:00,391,5,0.25,1.75,1,winter,5,-2.57,0.273,0.092,0
2025-01-05 02:00:00,392,5,0.25,2.0,1,winter,5,-3.71,0.096,0.0,0
2025-01-05 02:15:00,393,5,0.25,2.25,1,winter,5,-2.64,0.154,0.0,0
2025-01-05 02:30:00,394,5,0.25,2.5,1,winter,5,-2.6,0.053,0.0,0
2025-01-05 02:45:00,395,5,0.25,2.75,1,winter,5,-3.75,0.206,0.011,0
2025-01-05 03:00:00,396,5,0.25,3.0,1,winter,5,-3.1,0.306,0.0,0
2025-01-05 03:15:00,397,5,0.25,3.25,1,winter,5,-4.17,0.155,0.148,0
2025-01-05 03:30:00,398,5,0.25,3.5,1,winter,5,-3.97,0.144,0.051,0
2025-01-05 03:45:00,399,5,0.25,3.75,1,winter,5,-6.05,0.054,0.0,0
2025-01-05 04:00:00,400,5,0.25,4.0,1,winter,5,-5.47,0.146,0.069,0
2025-01-05 04:15:00,401,5,0.25,4.25,1,winter,5,-5.09,0.05,0.0,0
2025-01-05 04:30:00,402,5,0.25,4.5,1,winter,5,-4.31,0.087,0.0,0
2025-01-05 04:45:00,403,5,0.25,4.75,1,winter,5,-6.27,0.209,0.035,0
2025-01-05 05:00:00,404,5,0.25,5.0,1,winter,5,-5.01,0.328,0.0,0
2025-01-05 05:15:00,405,5,0.25,5.25,1,winter,5,-6.28,0.488,0.096,0
2025-01-05 05:30:00,406,5,0.25,5.5,1,winter,5,-6.12,0.163,0.0,0
2025-01-05 05:45:00,407,5,0.25,5.75,1,winter,5,-4.74,0.381,0.0,0
2025-01-05 06:00:00,408,5,0.25,6.0,1,winter,5,-8.99,0.28,0.0,0
2025-01-05 06:15:00,409,5,0.25,6.25,1,winter,5,-7.93,0.259,0.0,0
2025-01-05 06:30:00,410,5,0.25,6.5,1,winter,5,-8.17,0.337,0.135,0
2025-01-05 06:45:00,411,5,0.25,6.75,1,winter,5,-9.39,0.319,0.095,0
2025-01-05 07:00:00,412,5,0.25,7.0,1,winter,5,-6.81,0.341,0.211,0
2025-01-05 07:15:00,413,5,0.25,7.25,1,winter,5,-4.56,0.304,0.276,0
2025-01-05 07:30:00,414,5,0.25,7.5,1,winter,5,-5.97,0.215,0.0,0
2025-01-05 07:45:00,415,5,0.25,7.75,1,winter,5,-5.08,0.206,0.081,0
2025-01-05 08:00:00,416,5,0.25,8.0,1,winter,5,-3.56,0.425,0.0,0
2025-01-05 08:15:00,417,5,0.25,8.25,1,winter,5,-3.0,0.327,0.028,0
2025-01-05 08:30:00,418,5,0.25,8.5,1,winter,5,-4.86,0.284,0.062,0
2025-01-05 08:45:00,419,5,0.25,8.75,1,winter,5,-2.48,0.329,0.04,0
2025-01-05 09:00:00,420,5,0.25,9.0,1,winter,5,-4.1,0.388,0.064,1
2025-01-05 09:15:00,421,5,0.25,9.25,1,winter,5,-5.21,0.304,0.179,1
2025-01-05 09:30:00,422,5,0.25,9.5,1,winter,5,-4.54,0.196,0.097,1
2025-01-05 09:45:00,423,5,0.25,9.75,1,winter,5,-5.55,0.359,0.33,1
2025-01-05 10:00:00,424,5,0.25,10.0,1,winter,5,-4.33,0.37,0.181,1
2025-01-05 10:15:00,425,5,0.25,10.25,1,winter,5,-3.19,0.239,0.581,1
2025-01-05 10:30:00,426,5,0.25,10.5,1,winter,5,-1.09,0.266,0.282,1
2025-01-05 10:45:00,427,5,0.25,10.75,1,winter,5,0.65,0.275,0.359,1
2025-01-05 11:00:00,428,5,0.25,11.0,1,winter,5,-3.63,0.248,0.246,1
2025-01-05 11:15:00,429,5,0.25,11.25,1,winter,5,-0.58,0.183,0.568,1
2025-01-05 11:30:00,430,5,0.25,11.5,1,winter,5,-2.34,0.171,0.527,1
2025-01-05 11:45:00,431,5,0.25,11.75,1,winter,5,0.32,0.156,0.46,1
2025-01-05 12:00:00,432,5,0.25,12.0,1,winter,5,-0.2,0.05,0.306,1
2025-01-05 12:15:00,433,5,0.25,12.25,1,winter,5,-2.35,0.165,0.469,1
2025-01-05 12:30:00,434,5,0.25,12.5,1,winter,5,2.18,0.05,0.338,1
2025-01-05 12:45:00,435,5,0.25,12.75,1,winter,5,0.26,0.05,0.594,1
2025-01-05 13:00:00,436,5,0.25,13.0,1,winter,5,0.75,0.227,0.522,1
2025-01-05 13:15:00,437,5,0.25,13.25,1,winter,5,0.32,0.184,0.44,1
2025-01-05 13:30:00,438,5,0.25,13.5,1,winter,5,1.31,0.255,0.172,1
2025-01-05 13:45:00,439,5,0.25,13.75,1,winter,5,3.3,0.088,0.299,1
2025-01-05 14:00:00,440,5,0.25,14.0,1,winter,5,2.72,0.05,0.445,1
2025-01-05 14:15:00,441,5,0.25,14.25,1,winter,5,3.83,0.114,0.474,1
2025-01-05 14:30:00,442,5,0.25,14.5,1,winter,5,4.2,0.163,0.438,1
2025-01-05 14:45:00,443,5,0.25,14.75,1,winter,5,5.94,0.178,0.141,1
2025-01-05 15:00:00,444,5,0.25,15.0,1,winter,5,3.73,0.302,0.303,1
2025-01-05 15:15:00,445,5,0.25,15.25,1,winter,5,2.3,0.174,0.347,1
2025-01-05 15:30:00,446,5,0.25,15.5,1,winter,5,6.36,0.269,0.053,1
2025-01-05 15:45:00,447,5,0.25,15.75,1,winter,5,4.49,0.16,0.193,1
2025-01-05 16:00:00,448,5,0.25,16.0,1,winter,5,6.87,0.33,0.196,1
2025-01-05 16:15:00,449,5,0.25,16.25,1,winter,5,5.96,0.311,0.116,1
2025-01-05 16:30:00,450,5,0.25,16.5,1,winter,5,5.35,0.263,0.0,1
2025-01-05 16:45:00,451,5,0.25,16.75,1,winter,5,6.2,0.34,0.074,1
2025-01-05 17:00:00,452,5,0.25,17.0,1,winter,5,8.72,0.37,0.056,1
2025-01-05 17:15:00,453,5,0.25,17.25,1,winter,5,9.0,0.384,0.059,0
2025-01-05 17:30:00,454,5,0.25,17.5,1,winter,5,6.05,0.609,0.005,0
2025-01-05 17:45:00,455,5,0.25,17.75,1,winter,5,6.23,0.439,0.005,0
2025-01-05 18:00:00,456,5,0.25,18.0,1,winter,5,7.61,0.437,0.036,0
2025-01-05 18:15:00,457,5,0.25,18.25,1,winter,5,4.72,0.261,0.076,0
2025-01-05 18:30:00,458,5,0.25,18.5,1,winter,5,6.45,0.386,0.0,0
2025-01-05 18:45:00,459,5,0.25,18.75,1,winter,5,5.85,0.449,0.0,0
2025-01-05 19:00:00,460,5,0.25,19.0,1,winter,5,6.27,0.402,0.025,0
2025-01-05 19:15:00,461,5,0.25,19.25,1,winter,5,4.43,0.6,0.0,0
2025-01-05 19:30:00,462,5,0.25,19.5,1,winter,5,3.16,0.433,0.057,0
2025-01-05 19:45:00,463,5,0.25,19.75,1,winter,5,2.27,0.563,0.007,0
2025-01-05 20:00:00,464,5,0.25,20.0,1,winter,5,3.52,0.422,0.009,0
2025-01-05 20:15:00,465,5,0.25,20.25,1,winter,5,4.3,0.4,0.1,0
2025-01-05 20:30:00,466,5,0.25,20.5,1,winter,5,4.32,0.366,0.0,0
2025-01-05 20:45:00,467,5,0.25,20.75,1,winter,5,7.42,0.353,0.0,0
2025-01-05 21:00:00,468,5,0.25,21.0,1,winter,5,5.9,0.503,0.029,0
2025-01-05 21:15:00,469,5,0.25,21.25,1,winter,5,2.51,0.077,0.0,0
2025-01-05 21:30:00,470,5,0.25,21.5,1,winter,5,4.17,0.089,0.018,0
2025-01-05 21:45:00,471,5,0.25,21.75,1,winter,5,2.72,0.215,0.0,0
2025-01-05 22:00:00,472,5,0.25,22.0,1,winter,5,2.57,0.254,0.067,0
2025-01-05 22:15:00,473,5,0.25,22.25,1,winter,5,2.93,0.306,0.093,0
2025-01-05 22:30:00,474,5,0.25,22.5,1,winter,5,3.22,0.27,0.049,0
2025-01-05 22:45:00,475,5,0.25,22.75,1,winter,5,1.42,0.172,0.0,0
2025-01-05 23:00:00,476,5,0.25,23.0,1,winter,5,3.15,0.302,0.0,0
2025-01-05 23:15:00,477,5,0.25,23.25,1,winter,5,-0.54,0.295,0.077,0
2025-01-05 23:30:00,478,5,0.25,23.5,1,winter,5,0.79,0.203,0.122,0
2025-01-05 23:45:00,479,5,0.25,23.75,1,winter,5,4.29,0.275,0.064,0
2025-01-06 00:00:00,480,6,0.25,0.0,1,winter,6,0.33,0.187,0.0,0
2025-01-06 00:15:00,481,6,0.25,0.25,1,winter,6,1.76,0.104,0.067,0
2025-01-06 00:30:00,482,6,0.25,0.5,1,winter,6,-0.65,0.23,0.086,0
2025-01-06 00:45:00,483,6,0.25,0.75,1,winter,6,-0.3,0.171,0.156,0
2025-01-06 01:00:00,484,6,0.25,1.0,1,winter,6,-1.64,0.16,0.0,0
2025-01-06 01:15:00,485,6,0.25,1.25,1,winter,6,-2.18,0.307,0.0,0
2025-01-06 01:30:00,486,6,0.25,1.5,1,winter,6,-3.47,0.05,0.075,0
2025-01-06 01:45:00,487,6,0.25,1.75,1,winter,6,-2.01,0.05,0.006,0
2025-01-06 02:00:00,488,6,0.25,2.0,1,winter,6,-4.28,0.05,0.0,0
2025-01-06 02:15:00,489,6,0.25,2.25,1,winter,6,-2.34,0.124,0.042,0
2025-01-06 02:30:00,490,6,0.25,2.5,1,winter,6,-2.02,0.135,0.058,0
2025-01-06 02:45:00,491,6,0.25,2.75,1,winter,6,-3.41,0.05,0.009,0
2025-01-06 03:00:00,492,6,0.25,3.0,1,winter,6,-4.67,0.063,0.022,0
2025-01-06 03:15:00,493,6,0.25,3.25,1,winter,6,-3.83,0.076,0.0,0
2025-01-06 03:30:00,494,6,0.25,3.5,1,winter,6,-5.22,0.409,0.149,0
2025-01-06 03:45:00,495,6,0.25,3.75,1,winter,6,-3.59,0.346,0.0,0
2025-01-06 04:00:00,496,6,0.25,4.0,1,winter,6,-7.94,0.128,0.0,0
2025-01-06 04:15:00,497,6,0.25,4.25,1,winter,6,-5.88,0.137,0.003,0
2025-01-06 04:30:00,498,6,0.25,4.5,1,winter,6,-8.53,0.064,0.091,0
2025-01-06 04:45:00,499,6,0.25,4.75,1,winter,6,-7.92,0.05,0.0,0
2025-01-06 05:00:00,500,6,0.25,5.0,1,winter,6,-3.75,0.184,0.0,0
2025-01-06 05:15:00,501,6,0.25,5.25,1,winter,6,-4.54,0.108,0.0,0
2025-01-06 05:30:00,502,6,0.25,5.5,1,winter,6,-7.03,0.213,0.012,0
2025-01-06 05:45:00,503,6,0.25,5.75,1,winter,6,-8.24,0.078,0.0,0
2025-01-06 06:00:00,504,6,0.25,6.0,1,winter,6,-10.45,0.179,0.0,0
2025-01-06 06:15:00,505,6,0.25,6.25,1,winter,6,-6.8,0.289,0.086,0
2025-01-06 06:30:00,506,6,0.25,6.5,1,winter,6,-2.32,0.331,0.0,0
2025-01-06 06:45:00,507,6,0.25,6.75,1,winter,6,-5.23,0.355,0.055,0
2025-01-06 07:00:00,508,6,0.25,7.0,1,winter,6,-6.63,0.198,0.01,0
2025-01-06 07:15:00,509,6,0.25,7.25,1,winter,6,-4.98,0.43,0.117,0
2025-01-06 07:30:00,510,6,0.25,7.5,1,winter,6,-7.88,0.275,0.108,0
2025-01-06 07:45:00,511,6,0.25,7.75,1,winter,6,-5.83,0.423,0.005,0
2025-01-06 08:00:00,512,6,0.25,8.0,1,winter,6,-5.05,0.359,0.072,0
2025-01-06 08:15:00,513,6,0.25,8.25,1,winter,6,-5.12,0.217,0.21,0
2025-01-06 08:30:00,514,6,0.25,8.5,1,winter,6,-3.57,0.312,0.164,0
2025-01-06 08:45:00,515,6,0.25,8.75,1,winter,6,-3.99,0.364,0.006,0
2025-01-06 09:00:00,516,6,0.25,9.0,1,winter,6,-3.24,0.369,0.234,1
2025-01-06 09:15:00,517,6,0.25,9.25,1,winter,6,-4.99,0.271,0.085,1
2025-01-06 09:30:00,518,6,0.25,9.5,1,winter,6,-2.31,0.415,0.36,1
2025-01-06 09:45:00,519,6,0.25,9.75,1,winter,6,-0.89,0.337,0.348,1
2025-01-06 10:00:00,520,6,0.25,10.0,1,winter,6,-4.46,0.187,0.302,1
2025-01-06 10:15:00,521,6,0.25,10.25,1,winter,6,-3.99,0.265,0.316,1
2025-01-06 10:30:00,522,6,0.25,10.5,1,winter,6,-0.29,0.362,0.306,1
2025-01-06 10:45:00,523,6,0.25,10.75,1,winter,6,-2.22,0.347,0.42,1
2025-01-06 11:00:00,524,6,0.25,11.0,1,winter,6,0.55,0.05,0.339,1
2025-01-06 11:15:00,525,6,0.25,11.25,1,winter,6,-1.83,0.05,0.421,1
2025-01-06 11:30:00,526,6,0.25,11.5,1,winter,6,1.4,0.26,0.503,1
2025-01-06 11:45:00,527,6,0.25,11.75,1,winter,6,-0.2,0.05,0.374,1
2025-01-06 12:00:00,528,6,0.25,12.0,1,winter,6,0.39,0.05,0.379,1
2025-01-06 12:15:00,529,6,0.25,12.25,1,winter,6,2.74,0.05,0.328,1
2025-01-06 12:30:00,530,6,0.25,12.5,1,winter,6,0.24,0.135,0.344,1
2025-01-06 12:45:00,531,6,0.25,12.75,1,winter,6,-0.24,0.084,0.265,1
2025-01-06 13:00:00,532,6,0.25,13.0,1,winter,6,0.88,0.05,0.514,1
2025-01-06 13:15:00,533,6,0.25,13.25,1,winter,6,2.61,0.05,0.611,1
2025-01-06 13:30:00,534,6,0.25,13.5,1,winter,6,-0.05,0.05,0.558,1
2025-01-06 13:45:00,535,6,0.25,13.75,1,winter,6,3.61,0.05,0.235,1
2025-01-06 14:00:00,536,6,0.25,14.0,1,winter,6,2.19,0.353,0.448,1
2025-01-06 14:15:00,537,6,0.25,14.25,1,winter,6,5.06,0.168,0.494,1
2025-01-06 14:30:00,538,6,0.25,14.5,1,winter,6,0.06,0.241,0.281,1
2025-01-06 14:45:00,539,6,0.25,14.75,1,winter,6,2.78,0.121,0.31,1
2025-01-06 15:00:00,540,6,0.25,15.0,1,winter,6,1.71,0.17,0.072,1
2025-01-06 15:15:00,541,6,0.25,15.25,1,winter,6,3.27,0.139,0.272,1
2025-01-06 15:30:00,542,6,0.25,15.5,1,winter,6,5.13,0.05,0.113,1
2025-01-06 15:45:00,543,6,0.25,15.75,1,winter,6,4.72,0.121,0.213,1
2025-01-06 16:00:00,544,6,0.25,16.0,1,winter,6,4.82,0.103,0.013,1
2025-01-06 16:15:00,545,6,0.25,16.25,1,winter,6,5.14,0.086,0.2,1
2025-01-06 16:30:00,546,6,0.25,16.5,1,winter,6,5.85,0.218,0.228,1
2025-01-06 16:45:00,547,6,0.25,16.75,1,winter,6,4.17,0.496,0.028,1
2025-01-06 17:00:00,548,6,0.25,17.0,1,winter,6,6.86,0.384,0.0,1
2025-01-06 17:15:00,549,6,0.25,17.25,1,winter,6,6.88,0.541,0.0,0
2025-01-06 17:30:00,550,6,0.25,17.5,1,winter,6,6.53,0.473,0.034,0
2025-01-06 17:45:00,551,6,0.25,17.75,1,winter,6,6.82,0.527,0.0,0
2025-01-06 18:00:00,552,6,0.25,18.0,1,winter,6,6.44,0.372,0.0,0
2025-01-06 18:15:00,553,6,0.25,18.25,1,winter,6,9.04,0.523,0.077,0
2025-01-06 18:30:00,554,6,0.25,18.5,1,winter,6,5.82,0.548,0.0,0
2025-01-06 18:45:00,555,6,0.25,18.75,1,winter,6,5.42,0.417,0.0,0
2025-01-06 19:00:00,556,6,0.25,19.0,1,winter,6,4.67,0.527,0.0,0
2025-01-06 19:15:00,557,6,0.25,19.25,1,winter,6,4.13,0.519,0.119,0
2025-01-06 19:30:00,558,6,0.25,19.5,1,winter,6,3.68,0.395,0.069,0
2025-01-06 19:45:00,559,6,0.25,19.75,1,winter,6,4.05,0.322,0.0,0
2025-01-06 20:00:00,560,6,0.25,20.0,1,winter,6,5.09,0.298,0.067,0
2025-01-06 20:15:00,561,6,0.25,20.25,1,winter,6,5.49,0.405,0.0,0
2025-01-06 20:30:00,562,6,0.25,20.5,1,winter,6,4.84,0.407,0.006,0
2025-01-06 20:45:00,563,6,0.25,20.75,1,winter,6,3.36,0.274,0.017,0
2025-01-06 21:00:00,564,6,0.25,21.0,1,winter,6,5.59,0.333,0.0,0
2025-01-06 21:15:00,565,6,0.25,21.25,1,winter,6,5.07,0.366,0.045,0
2025-01-06 21:30:00,566,6,0.25,21.5,1,winter,6,3.41,0.351,0.0,0
2025-01-06 21:45:00,567,6,0.25,21.75,1,winter,6,2.35,0.425,0.051,0
2025-01-06 22:00:00,568,6,0.25,22.0,1,winter,6,3.82,0.38,0.056,0
2025-01-06 22:15:00,569,6,0.25,22.25,1,winter,6,2.94,0.136,0.0,0
2025-01-06 22:30:00,570,6,0.25,22.5,1,winter,6,0.12,0.391,0.119,0
2025-01-06 22:45:00,571,6,0.25,22.75,1,winter,6,1.83,0.158,0.0,0
2025-01-06 23:00:00,572,6,0.25,23.0,1,winter,6,1.95,0.305,0.0,0
2025-01-06 23:15:00,573,6,0.25,23.25,1,winter,6,-0.18,0.199,0.103,0
2025-01-06 23:30:00,574,6,0.25,23.5,1,winter,6,1.07,0.144,0.0,0
2025-01-06 23:45:00,575,6,0.25,23.75,1,winter,6,-1.79,0.05,0.0,0
2025-01-07 00:00:00,576,7,0.25,0.0,1,winter,7,2.0,0.143,0.0,0
2025-01-07 00:15:00,577,7,0.25,0.25,1,winter,7,1.48,0.05,0.103,0
2025-01-07 00:30:00,578,7,0.25,0.5,1,winter,7,-1.16,0.257,0.0,0
2025-01-07 00:45:00,579,7,0.25,0.75,1,winter,7,-0.63,0.312,0.113,0
2025-01-07 01:00:00,580,7,0.25,1.0,1,winter,7,-5.17,0.08,0.0,0
2025-01-07 01:15:00,581,7,0.25,1.25,1,winter,7,-3.66,0.19,0.0,0
2025-01-07 01:30:00,582,7,0.25,1.5,1,winter,7,-2.74,0.087,0.0,0
2025-01-07 01:45:00,583,7,0.25,1.75,1,winter,7,-4.26,0.097,0.0,0
2025-01-07 02:00:00,584,7,0.25,2.0,1,winter,7,-1.93,0.238,0.087,0
2025-01-07 02:15:00,585,7,0.25,2.25,1,winter,7,-0.34,0.156,0.073,0
2025-01-07 02:30:00,586,7,0.25,2.5,1,winter,7,-5.42,0.334,0.0,0
2025-01-07 02:45:00,587,7,0.25,2.75,1,winter,7,-5.21,0.113,0.0,0
2025-01-07 03:00:00,588,7,0.25,3.0,1,winter,7,-3.89,0.261,0.0,0
2025-01-07 03:15:00,589,7,0.25,3.25,1,winter,7,-2.09,0.172,0.13,0
2025-01-07 03:30:00,590,7,0.25,3.5,1,winter,7,-6.59,0.243,0.0,0
2025-01-07 03:45:00,591,7,0.25,3.75,1,winter,7,-4.62,0.121,0.161,0
2025-01-07 04:00:00,592,7,0.25,4.0,1,winter,7,-2.46,0.164,0.0,0
2025-01-07 04:15:00,593,7,0.25,4.25,1,winter,7,-7.86,0.161,0.0,0
2025-01-07 04:30:00,594,7,0.25,4.5,1,winter,7,-7.46,0.095,0.0,0
2025-01-07 04:45:00,595,7,0.25,4.75,1,winter,7,-6.32,0.252,0.0,0
2025-01-07 05:00:00,596,7,0.25,5.0,1,winter,7,-6.58,0.261,0.0,0
2025-01-07 05:15:00,597,7,0.25,5.25,1,winter,7,-4.67,0.267,0.016,0
2025-01-07 05:30:00,598,7,0.25,5.5,1,winter,7,-5.59,0.375,0.0,0
2025-01-07 05:45:00,599,7,0.25,5.75,1,winter,7,-8.65,0.382,0.0,0
2025-01-07 06:00:00,600,7,0.25,6.0,1,winter,7,-5.23,0.218,0.0,0
2025-01-07 06:15:00,601,7,0.25,6.25,1,winter,7,-6.85,0.312,0.0,0
2025-01-07 06:30:00,602,7,0.25,6.5,1,winter,7,-4.04,0.232,0.0,0
2025-01-07 06:45:00,603,7,0.25,6.75,1,winter,7,-6.83,0.315,0.0,0
2025-01-07 07:00:00,604,7,0.25,7.0,1,winter,7,-6.75,0.27,0.0,0
2025-01-07 07:15:00,605,7,0.25,7.25,1,winter,7,-4.87,0.506,0.25,0
2025-01-07 07:30:00,606,7,0.25,7.5,1,winter,7,-4.4,0.391,0.067,0
2025-01-07 07:45:00,607,7,0.25,7.75,1,winter,7,-4.71,0.338,0.099,0
2025-01-07 08:00:00,608,7,0.25,8.0,1,winter,7,-7.72,0.479,0.0,0
2025-01-07 08:15:00,609,7,0.25,8.25,1,winter,7,-4.18,0.137,0.041,0
2025-01-07 08:30:00,610,7,0.25,8.5,1,winter,7,-6.31,0.142,0.147,0
2025-01-07 08:45:00,611,7,0.25,8.75,1,winter,7,-4.16,0.407,0.044,0
2025-01-07 09:00:00,612,7,0.25,9.0,1,winter,7,-6.38,0.314,0.26,1
2025-01-07 09:15:00,613,7,0.25,9.25,1,winter,7,-3.29,0.311,0.073,1
2025-01-07 09:30:00,614,7,0.25,9.5,1,winter,7,-4.86,0.129,0.19,1
2025-01-07 09:45:00,615,7,0.25,9.75,1,winter,7,-5.26,0.234,0.187,1
2025-01-07 10:00:00,616,7,0.25,10.0,1,winter,7,-1.93,0.413,0.289,1
2025-01-07 10:15:00,617,7,0.25,10.25,1,winter,7,-2.29,0.272,0.236,1
2025-01-07 10:30:00,618,7,0.25,10.5,1,winter,7,-3.22,0.186,0.3,1
2025-01-07 10:45:00,619,7,0.25,10.75,1,winter,7,0.25,0.107,0.329,1
2025-01-07 11:00:00,620,7,0.25,11.0,1,winter,7,-2.21,0.095,0.302,1
2025-01-07 11:15:00,621,7,0.25,11.25,1,winter,7,-1.12,0.05,0.446,1
2025-01-07 11:30:00,622,7,0.25,11.5,1,winter,7,-0.38,0.137,0.439,1
2025-01-07 11:45:00,623,7,0.25,11.75,1,winter,7,-1.32,0.188,0.421,1
2025-01-07 12:00:00,624,7,0.25,12.0,1,winter,7,0.71,0.05,0.398,1
2025-01-07 12:15:00,625,7,0.25,12.25,1,winter,7,-0.41,0.05,0.527,1
2025-01-07 12:30:00,626,7,0.25,12.5,1,winter,7,0.17,0.05,0.426,1
2025-01-07 12:45:00,627,7,0.25,12.75,1,winter,7,3.21,0.05,0.417,1
2025-01-07 13:00:00,628,7,0.25,13.0,1,winter,7,-0.01,0.102,0.452,1
2025-01-07 13:15:00,629,7,0.25,13.25,1,winter,7,-1.69,0.05,0.6,1
2025-01-07 13:30:00,630,7,0.25,13.5,1,winter,7,4.71,0.168,0.281,1
2025-01-07 13:45:00,631,7,0.25,13.75,1,winter,7,6.48,0.19,0.474,1
2025-01-07 14:00:00,632,7,0.25,14.0,1,winter,7,2.39,0.1,0.187,1
2025-01-07 14:15:00,633,7,0.25,14.25,1,winter,7,0.43,0.05,0.374,1
2025-01-07 14:30:00,634,7,0.25,14.5,1,winter,7,3.19,0.053,0.484,1
2025-01-07 14:45:00,635,7,0.25,14.75,1,winter,7,3.53,0.293,0.349,1
2025-01-07 15:00:00,636,7,0.25,15.0,1,winter,7,3.96,0.05,0.29,1
2025-01-07 15:15:00,637,7,0.25,15.25,1,winter,7,2.84,0.176,0.19,1
2025-01-07 15:30:00,638,7,0.25,15.5,1,winter,7,5.63,0.116,0.222,1
2025-01-07 15:45:00,639,7,0.25,15.75,1,winter,7,5.78,0.339,0.168,1
2025-01-07 16:00:00,640,7,0.25,16.0,1,winter,7,2.95,0.217,0.09,1
2025-01-07 16:15:00,641,7,0.25,16.25,1,winter,7,6.43,0.352,0.117,1
2025-01-07 16:30:00,642,7,0.25,16.5,1,winter,7,8.62,0.394,0.145,1
2025-01-07 16:45:00,643,7,0.25,16.75,1,winter,7,5.94,0.547,0.029,1
2025-01-07 17:00:00,644,7,0.25,17.0,1,winter,7,5.29,0.368,0.008,1
2025-01-07 17:15:00,645,7,0.25,17.25,1,winter,7,5.67,0.449,0.0,0
2025-01-07 17:30:00,646,7,0.25,17.5,1,winter,7,6.87,0.283,0.1,0
2025-01-07 17:45:00,647,7,0.25,17.75,1,winter,7,3.39,0.568,0.104,0
2025-01-07 18:00:00,648,7,0.25,18.0,1,winter,7,6.25,0.386,0.063,0
2025-01-07 18:15:00,649,7,0.25,18.25,1,winter,7,5.4,0.414,0.128,0
2025-01-07 18:30:00,650,7,0.25,18.5,1,winter,7,8.72,0.473,0.034,0
2025-01-07 18:45:00,651,7,0.25,18.75,1,winter,7,5.62,0.319,0.059,0
2025-01-07 19:00:00,652,7,0.25,19.0,1,winter,7,8.3,0.494,0.046,0
2025-01-07 19:15:00,653,7,0.25,19.25,1,winter,7,4.03,0.559,0.003,0
2025-01-07 19:30:00,654,7,0.25,19.5,1,winter,7,6.42,0.479,0.0,0
2025-01-07 19:45:00,655,7,0.25,19.75,1,winter,7,5.86,0.276,0.228,0
2025-01-07 20:00:00,656,7,0.25,20.0,1,winter,7,3.89,0.404,0.0,0
2025-01-07 20:15:00,657,7,0.25,20.25,1,winter,7,5.25,0.47,0.0,0
2025-01-07 20:30:00,658,7,0.25,20.5,1,winter,7,6.58,0.187,0.046,0
2025-01-07 20:45:00,659,7,0.25,20.75,1,winter,7,4.03,0.245,0.027,0
2025-01-07 21:00:00,660,7,0.25,21.0,1,winter,7,1.7,0.418,0.0,0
2025-01-07 21:15:00,661,7,0.25,21.25,1,winter,7,3.93,0.336,0.113,0
2025-01-07 21:30:00,662,7,0.25,21.5,1,winter,7,2.3,0.33,0.0,0
2025-01-07 21:45:00,663,7,0.25,21.75,1,winter,7,2.82,0.456,0.0,0
2025-01-07 22:00:00,664,7,0.25,22.0,1,winter,7,2.88,0.299,0.119,0
2025-01-07 22:15:00,665,7,0.25,22.25,1,winter,7,0.1,0.302,0.063,0
2025-01-07 22:30:00,666,7,0.25,22.5,1,winter,7,-0.13,0.494,0.0,0
2025-01-07 22:45:00,667,7,0.25,22.75,1,winter,7,2.65,0.189,0.178,0
2025-01-07 23:00:00,668,7,0.25,23.0,1,winter,7,0.77,0.121,0.066,0
2025-01-07 23:15:00,669,7,0.25,23.25,1,winter,7,-2.68,0.235,0.0,0
2025-01-07 23:30:00,670,7,0.25,23.5,1,winter,7,1.96,0.229,0.159,0
2025-01-07 23:45:00,671,7,0.25,23.75,1,winter,7,0.8,0.126,0.016,0
